{
  "transformation_matrix": [
    [
      0.19058304405451626,
      -0.08347294467654723,
      0.2812439435018996,
      -236.73054869552783
    ],
    [
      -0.30904433466293296,
      -0.03114722702616178,
      0.17856326966923936,
      -470.04560286731873
    ],
    [
      -0.010990864473044192,
      -0.37001589784994227,
      -0.07523946703429546,
      467.3135376362769
    ],
    [
      0.0,
      0.0,
      0.0,
      1.0
    ]
  ],
  "rmse_error": 17.56792735381563,
  "calibration_points": 15,
  "camera_matrix": [
    [
      616.798,
      0.0,
      321.753
    ],
    [
      0.0,
      616.904,
      247.541
    ],
    [
      0.0,
      0.0,
      1.0
    ]
  ],
  "marker_length": 0.05
}