{
  "transformation_matrix": [
    [
      0.10034452776403514,
      -0.29017377089683816,
      0.885204543838654,
      -152.78641522474578
    ],
    [
      -0.9470206203968308,
      -0.07518535422615719,
      0.07141237848886967,
      -101.4788928591094
    ],
    [
      0.04012130393218784,
      -0.9369246121496713,
      -0.2602285322057114,
      564.3416088416091
    ],
    [
      0.0,
      0.0,
      0.0,
      1.0
    ]
  ],
  "rmse_error": 3.733440389824596,
  "calibration_points": 15,
  "camera_matrix": [
    [
      616.798,
      0.0,
      321.753
    ],
    [
      0.0,
      616.904,
      247.541
    ],
    [
      0.0,
      0.0,
      1.0
    ]
  ],
  "marker_length": 0.04
}