{
  "transformation_matrix_mm": [
    [
      0.2573315435806405,
      0.00630717308340123,
      -0.9663025904167395,
      466.2739967846326
    ],
    [
      -0.8372924389895187,
      0.5006695286937786,
      -0.21970752069178917,
      10.313883431154752
    ],
    [
      0.4824125291587982,
      0.8656155281678153,
      0.13411901097669188,
      162.2819187634866
    ],
    [
      0.0,
      0.0,
      0.0,
      1.0
    ]
  ],
  "translation_mm": [
    466.2739967846326,
    10.313883431154752,
    162.2819187634866
  ],
  "rotation_matrix": [
    [
      0.2573315435806405,
      0.00630717308340123,
      -0.9663025904167395
    ],
    [
      -0.8372924389895187,
      0.5006695286937786,
      -0.21970752069178917
    ],
    [
      0.4824125291587982,
      0.8656155281678153,
      0.13411901097669188
    ]
  ],
  "euler_angles_deg": [
    81.19258916466255,
    -28.84308699608823,
    -72.91583251592404
  ],
  "quaternion": [
    0.3945069720265314,
    -0.526597325794683,
    -0.3066422747691,
    0.6877717795990016
  ]
}