{
  "transformation_matrix_mm": [
    [
      0.29083620855596903,
      0.07649536179580005,
      -0.9537099975445986,
      446.0635612912267
    ],
    [
      0.006433953258715493,
      0.9966198553507875,
      0.08189913409822984,
      61.87061166000558
    ],
    [
      0.9567512236931048,
      -0.02995535919171767,
      0.28936097251951876,
      359.3760857183353
    ],
    [
      0.0,
      0.0,
      0.0,
      1.0
    ]
  ],
  "translation_mm": [
    446.0635612912267,
    61.87061166000558,
    359.3760857183353
  ],
  "rotation_matrix": [
    [
      0.29083620855596903,
      0.07649536179580005,
      -0.9537099975445986
    ],
    [
      0.006433953258715493,
      0.9966198553507875,
      0.08189913409822984
    ],
    [
      0.9567512236931048,
      -0.02995535919171767,
      0.28936097251951876
    ]
  ],
  "euler_angles_deg": [
    -5.9103464149977425,
    -73.0877134561551,
    1.2673052309855253
  ],
  "quaternion": [
    -0.03484028087452356,
    -0.5950677848521334,
    -0.02182262938306244,
    0.8026233606783252
  ]
}