{
  "transformation_matrix": [
    [
      -0.14984165963131768,
      0.2522666513114218,
      -0.9559858857091218,
      0.6105167351261587
    ],
    [
      -0.5573376289987123,
      0.7770890298692701,
      0.2924164957025008,
      0.05225913807346083
    ],
    [
      0.8166530746535069,
      0.5766230799169927,
      0.024157387400450592,
      0.5792016945203351
    ],
    [
      0.0,
      0.0,
      0.0,
      1.0
    ]
  ],
  "translation": [
    0.6105167351261587,
    0.05225913807346083,
    0.5792016945203351
  ],
  "rotation_matrix": [
    [
      -0.14984165963131768,
      0.2522666513114218,
      -0.9559858857091218
    ],
    [
      -0.5573376289987123,
      0.7770890298692701,
      0.2924164957025008
    ],
    [
      0.8166530746535069,
      0.5766230799169927,
      0.024157387400450592
    ]
  ],
  "euler_angles_deg": [
    87.60101969265853,
    -54.75114360752835,
    -105.04828211065893
  ],
  "quaternion": [
    -0.11058020064523497,
    0.6897052453947514,
    0.3150039750394027,
    -0.6425349713514439
  ]
}